{
    "6": {
        "name": "r_cheek",
        "landmark_id": 280,
        "ratio": 0.20055164009017779
    },
    "5": {
        "name": "l_cheek",
        "landmark_id": 50,
        "ratio": 0.2026817149324126
    },
    "8": {
        "name": "chin",
        "landmark_id": 211,
        "ratio": 0.40750176634894103
    },
    "2": {
        "name": "glabellus",
        "landmark_id": 9,
        "ratio": 0.11537214288014414
    },
    "1": {
        "name": "forehead",
        "landmark_id": 10,
        "ratio": 0.28412619430766173
    },
    "3": {
        "name": "l_perocular",
        "landmark_id": 35,
        "ratio": 0.13035848858565008
    },
    "7": {
        "name": "lip",
        "landmark_id": 14,
        "ratio": 0.20052404671267737
    },
    "4": {
        "name": "r_perocular",
        "landmark_id": 265,
        "ratio": 0.11993347826442215
    }
}